https://tinyurl.com/y3lft9et,Anúncio-Publicitário-1.jpg
https://tinyurl.com/yyh7rmrj,Anúncio-Publicitário-2.jpg
https://tinyurl.com/y35m75ex,Anúncio-Publicitário-3.jpg
https://tinyurl.com/yyh7rmrj,Anúncio-Publicitário-4.jpg
https://tinyurl.com/y5gn8dj4,Anúncio-Publicitário-5.jpg
https://tinyurl.com/yyh7rmrj,Anúncio-Publicitário-6.jpg
https://tinyurl.com/y3curer7,Anúncio-Publicitário-7.jpg
https://tinyurl.com/y3d4tssf,Anúncio-Publicitário-8.jpg
https://tinyurl.com/y3gxsq5a,Anúncio-Publicitário-9.jpg
https://tinyurl.com/yyh7rmrj,Anúncio-Publicitário-10.jpg
https://tinyurl.com/y4n92ex4,Anúncio-Publicitário-11.jpg
https://tinyurl.com/y4n92ex4,Anúncio-Publicitário-12.jpg
https://tinyurl.com/y569ccko,Anúncio-Publicitário-13.jpg
https://tinyurl.com/y569ccko,Anúncio-Publicitário-14.jpg
https://tinyurl.com/y6c3zzal,Anúncio-Publicitário-15.jpg
https://tinyurl.com/y54q4269,Anúncio-Publicitário-16.jpg
https://tinyurl.com/y6c3zzal,Anúncio-Publicitário-17.jpg
https://tinyurl.com/yywzkw4d,Anúncio-Publicitário-18.jpg
https://tinyurl.com/y6c3zzal,Anúncio-Publicitário-19.jpg
https://tinyurl.com/y2vex3br,Anúncio-Publicitário-20.jpg
https://tinyurl.com/yxeq5kbc,Anúncio-Publicitário-21.jpg
https://tinyurl.com/yyutcb5x,Anúncio-Publicitário-22.jpg
https://tinyurl.com/yyutcb5x,Anúncio-Publicitário-23.jpg
https://tinyurl.com/y42vonr9,Anúncio-Publicitário-24.jpg
https://tinyurl.com/y42vonr9,Anúncio-Publicitário-25.jpg
https://tinyurl.com/yxuk7yzc,Anúncio-Publicitário-26.jpg
